epoch,accuracy,auc,loss,val_accuracy,val_auc,val_loss
0,0.43500614166259766,0.7722502946853638,1.4534459114074707,0.5128450393676758,0.8223221898078918,1.3128074407577515
1,0.5545293092727661,0.8503994345664978,1.2087244987487793,0.5345010757446289,0.8375364542007446,1.257602572441101
2,0.5819646120071411,0.8700237274169922,1.13066828250885,0.5383227467536926,0.839988112449646,1.2497159242630005
