epoch,accuracy,loss,val_accuracy,val_loss
0,0.3818645179271698,1.533495545387268,0.4776008427143097,1.3800114393234253
1,0.47768324613571167,1.3709877729415894,0.5061571002006531,1.3162184953689575
2,0.5186313986778259,1.2852989435195923,0.5211252570152283,1.279233694076538
3,0.5454752445220947,1.229278802871704,0.5242038369178772,1.2652915716171265
4,0.5625369548797607,1.187455654144287,0.5317409634590149,1.2527810335159302
5,0.5800991654396057,1.1529806852340698,0.5295116901397705,1.2571282386779785
6,0.5900177359580994,1.1184825897216797,0.5307855606079102,1.2579933404922485
7,0.6042131185531616,1.0848270654678345,0.5305732488632202,1.2608131170272827
8,0.6136311888694763,1.062617301940918,0.5294055342674255,1.2682576179504395
