epoch,accuracy,loss,val_accuracy,val_loss
0,0.37713271379470825,1.5319401025772095,0.47165605425834656,1.385602593421936
1,0.4723144769668579,1.361997365951538,0.5144373774528503,1.3134182691574097
2,0.526093065738678,1.2744724750518799,0.5290870666503906,1.2745987176895142
3,0.5509805083274841,1.219087839126587,0.5330148339271545,1.2605862617492676
4,0.5701351165771484,1.1761620044708252,0.5333333611488342,1.2601507902145386
5,0.584194004535675,1.1429924964904785,0.534182608127594,1.2588510513305664
6,0.6000728011131287,1.1034489870071411,0.5356687903404236,1.2671295404434204
7,0.6115837693214417,1.0726571083068848,0.5329086780548096,1.2743611335754395
8,0.6161791086196899,1.054004192352295,0.5350318551063538,1.282867431640625
