epoch,accuracy,loss,val_accuracy,val_loss
0,0.37012603878974915,1.5297187566757202,0.4721868336200714,1.387161135673523
1,0.4744983911514282,1.361615538597107,0.5088110566139221,1.3090667724609375
2,0.5214067697525024,1.2824513912200928,0.53121018409729,1.2715628147125244
3,0.5492515563964844,1.2197048664093018,0.5334395170211792,1.262237787246704
4,0.5671322345733643,1.1708974838256836,0.53121018409729,1.2605891227722168
5,0.5843304991722107,1.1399688720703125,0.5286624431610107,1.2644659280776978
6,0.5929296016693115,1.1093811988830566,0.5281316637992859,1.2656434774398804
7,0.6068974733352661,1.079892873764038,0.5265392661094666,1.271559476852417
8,0.6138131618499756,1.0550627708435059,0.5255838632583618,1.2821528911590576
