epoch,accuracy,auc,loss,val_accuracy,val_auc,val_loss
0,0.4230401813983917,0.7724756002426147,1.4563119411468506,0.5067940354347229,0.8203917741775513,1.314365029335022
1,0.5426088571548462,0.846211850643158,1.2233474254608154,0.5369426608085632,0.8364382386207581,1.2588458061218262
2,0.5740934610366821,0.864567220211029,1.1523579359054565,0.5372611284255981,0.8418328762054443,1.2410078048706055
