epoch,accuracy,auc,loss,val_accuracy,val_auc,val_loss
0,0.4445152282714844,0.7818703651428223,1.430198073387146,0.5043524503707886,0.8192080855369568,1.3200266361236572
1,0.5477501153945923,0.8471876382827759,1.2207821607589722,0.5357749462127686,0.8378981351852417,1.2539265155792236
2,0.576823353767395,0.8667123317718506,1.1446013450622559,0.5358811020851135,0.8412665724754333,1.2480202913284302
