epoch,accuracy,loss,val_accuracy,val_loss
0,0.39910823106765747,1.4975694417953491,0.4882165491580963,1.346746563911438
1,0.4985213279724121,1.324898600578308,0.524946928024292,1.281227707862854
2,0.5442012548446655,1.2311573028564453,0.5287685990333557,1.2570834159851074
3,0.5692251920700073,1.1703758239746094,0.5359872579574585,1.2467604875564575
4,0.5874243378639221,1.1252187490463257,0.5349256992340088,1.2496404647827148
5,0.6135857105255127,1.0747703313827515,0.5330148339271545,1.2545417547225952
6,0.6252331733703613,1.0306726694107056,0.5350318551063538,1.267899751663208
