epoch,accuracy,loss,val_accuracy,val_loss
0,0.4259520471096039,1.462916612625122,0.498513787984848,1.33516263961792
1,0.5107602477073669,1.2961206436157227,0.5113587975502014,1.2937484979629517
2,0.5385595560073853,1.2332375049591064,0.5187898278236389,1.283462405204773
3,0.5538013577461243,1.1941895484924316,0.5169851183891296,1.2776260375976562
